period,year,month,EW_total_individuals_SA,EW_bankruptcy_SA,EW_DRO_SA,EW_IVA_SA,EW_total_individuals_NSA,EW_bankruptcy_NSA,EW_DRO_NSA,EW_IVA_NSA,EW_IVA_approved_SA,EW_IVA_approved_NSA,EW_IVA_approved_rate_per_10000,EW_individual_rate_per_10000,EW_bankruptcy_rate_per_10000,EW_DRO_rate_per_10000,EW_IVA_rate_per_10000,EW_creditor_bankrupt_SA,EW_debtor_bankrupt_SA,EW_creditor_bankrupt_NSA,EW_debtor_bankrupt_NSA,EW_self_employed_bankrupt_SA,EW_other_bankrupt_SA,EW_self_employed_bankrupt_NSA,EW_other_bankrupt_NSA,EW_unknown_bankrupt_NSA,EW_total_IPO_IPA_NSA,EW_IPO_NSA,EW_IPA_NSA,EW_total_breathing_space_NSA,EW_standard_breathing_space_NSA,EW_mental_health_breathing_space_NSA
2000-01,2000,1,2652,1858,[z],794,2454,1781,[z],673,743,618,1.9,7.3,5.4,[z],1.9,692,1166,702,1079,[x],[x],[x],[x],1779,[x],[x],[x],[z],[z],[z]
2000-02,2000,2,2433,1735,[z],698,2514,1849,[z],665,711,726,2,7.4,5.4,[z],1.9,593,1142,538,1311,[x],[x],[x],[x],1848,[x],[x],[x],[z],[z],[z]
2000-03,2000,3,2495,1728,[z],767,2859,2038,[z],821,818,826,2,7.4,5.4,[z],2,627,1101,686,1352,[x],[x],[x],[x],2037,[x],[x],[x],[z],[z],[z]
2000-04,2000,4,2378,1657,[z],721,2205,1541,[z],664,724,701,2.1,7.3,5.3,[z],2.1,563,1094,543,998,[x],[x],[x],[x],1538,[x],[x],[x],[z],[z],[z]
2000-05,2000,5,2432,1741,[z],691,2640,1888,[z],752,574,631,2.1,7.4,5.3,[z],2.1,683,1058,775,1113,[x],[x],[x],[x],1886,[x],[x],[x],[z],[z],[z]
2000-06,2000,6,2540,1851,[z],689,2683,1998,[z],685,633,659,2.1,7.5,5.3,[z],2.1,733,1118,811,1187,[x],[x],[x],[x],1997,[x],[x],[x],[z],[z],[z]
2000-07,2000,7,2412,1779,[z],633,2450,1809,[z],641,600,653,2.1,7.4,5.3,[z],2.1,698,1081,718,1091,[x],[x],[x],[x],1805,[x],[x],[x],[z],[z],[z]
2000-08,2000,8,2411,1867,[z],544,2504,1898,[z],606,507,593,2.1,7.5,5.4,[z],2.1,717,1150,685,1213,[x],[x],[x],[x],1896,[x],[x],[x],[z],[z],[z]
2000-09,2000,9,2355,1776,[z],579,2321,1716,[z],605,575,556,2,7.4,5.3,[z],2.1,656,1120,667,1049,[x],[x],[x],[x],1713,[x],[x],[x],[z],[z],[z]
2000-10,2000,10,2450,1858,[z],592,2496,1872,[z],624,574,588,2,7.4,5.4,[z],2,675,1183,663,1209,[x],[x],[x],[x],1870,[x],[x],[x],[z],[z],[z]
2000-11,2000,11,2506,1879,[z],627,2532,1909,[z],623,642,645,1.9,7.4,5.4,[z],2,679,1200,670,1239,[x],[x],[x],[x],1908,[x],[x],[x],[z],[z],[z]
2000-12,2000,12,2449,1847,[z],602,1853,1275,[z],578,621,526,1.9,7.3,5.4,[z],2,642,1205,498,777,[x],[x],[x],[x],1274,[x],[x],[x],[z],[z],[z]
2001-01,2001,1,2323,1753,[z],570,2393,1864,[z],529,575,513,1.9,7.3,5.4,[z],1.9,626,1127,702,1162,[x],[x],[x],[x],1863,[x],[x],[x],[z],[z],[z]
2001-02,2001,2,2662,2039,[z],623,2589,2031,[z],558,609,585,1.9,7.3,5.4,[z],1.9,745,1294,638,1393,[x],[x],[x],[x],2030,[x],[x],[x],[z],[z],[z]
2001-03,2001,3,2511,1943,[z],568,2774,2197,[z],577,560,541,1.8,7.3,5.5,[z],1.8,663,1280,711,1486,[x],[x],[x],[x],2192,[x],[x],[x],[z],[z],[z]
2001-04,2001,4,2701,2132,[z],569,2633,2086,[z],547,547,548,1.7,7.4,5.6,[z],1.8,680,1452,673,1413,[x],[x],[x],[x],2084,[x],[x],[x],[z],[z],[z]
2001-05,2001,5,2473,1941,[z],532,2601,2029,[z],572,512,566,1.7,7.4,5.6,[z],1.8,640,1301,702,1327,[x],[x],[x],[x],2026,[x],[x],[x],[z],[z],[z]
2001-06,2001,6,2427,1930,[z],497,2491,2019,[z],472,468,460,1.7,7.3,5.6,[z],1.7,663,1267,732,1287,[x],[x],[x],[x],2017,[x],[x],[x],[z],[z],[z]
2001-07,2001,7,2537,2013,[z],524,2691,2138,[z],553,536,606,1.7,7.4,5.7,[z],1.7,665,1348,705,1433,[x],[x],[x],[x],2137,[x],[x],[x],[z],[z],[z]
2001-08,2001,8,2457,1951,[z],506,2520,1959,[z],561,478,544,1.7,7.4,5.7,[z],1.7,613,1338,573,1386,[x],[x],[x],[x],1957,[x],[x],[x],[z],[z],[z]
2001-09,2001,9,2426,1925,[z],501,2241,1748,[z],493,505,480,1.6,7.4,5.7,[z],1.7,592,1333,570,1178,[x],[x],[x],[x],1747,[x],[x],[x],[z],[z],[z]
2001-10,2001,10,2496,2002,[z],494,2692,2145,[z],547,488,512,1.6,7.4,5.8,[z],1.6,635,1367,663,1482,[x],[x],[x],[x],2142,[x],[x],[x],[z],[z],[z]
2001-11,2001,11,2346,1911,[z],435,2366,1934,[z],432,446,441,1.6,7.4,5.8,[z],1.6,586,1325,575,1359,[x],[x],[x],[x],1934,[x],[x],[x],[z],[z],[z]
2001-12,2001,12,2461,2015,[z],446,1830,1405,[z],425,482,411,1.5,7.4,5.8,[z],1.5,629,1386,493,912,[x],[x],[x],[x],1402,[x],[x],[x],[z],[z],[z]
2002-01,2002,1,2518,1990,[z],528,2514,2036,[z],478,525,470,1.5,7.4,5.8,[z],1.5,576,1414,634,1402,[x],[x],[x],[x],2035,[x],[x],[x],[z],[z],[z]
2002-02,2002,2,2466,1942,[z],524,2424,1959,[z],465,512,485,1.5,7.3,5.8,[z],1.5,569,1373,494,1465,[x],[x],[x],[x],1959,[x],[x],[x],[z],[z],[z]
2002-03,2002,3,2451,1964,[z],487,2437,2000,[z],437,516,494,1.5,7.2,5.8,[z],1.5,585,1379,590,1410,[x],[x],[x],[x],1998,[x],[x],[x],[z],[z],[z]
2002-04,2002,4,2432,1927,[z],505,2696,2158,[z],538,506,506,1.5,7.3,5.8,[z],1.5,556,1371,604,1554,[x],[x],[x],[x],2156,[x],[x],[x],[z],[z],[z]
2002-05,2002,5,2798,2229,[z],569,2911,2303,[z],608,556,602,1.5,7.3,5.9,[z],1.5,638,1591,681,1622,[x],[x],[x],[x],2299,[x],[x],[x],[z],[z],[z]
2002-06,2002,6,2269,1783,[z],486,2208,1765,[z],443,426,419,1.5,7.3,5.8,[z],1.5,597,1186,619,1146,[x],[x],[x],[x],1762,[x],[x],[x],[z],[z],[z]
2002-07,2002,7,2441,2001,[z],440,2747,2259,[z],488,467,537,1.4,7.3,5.8,[z],1.5,599,1402,676,1583,[x],[x],[x],[x],2257,[x],[x],[x],[z],[z],[z]
2002-08,2002,8,2619,2066,[z],553,2564,1979,[z],585,543,593,1.5,7.3,5.8,[z],1.5,617,1449,569,1410,[x],[x],[x],[x],1978,[x],[x],[x],[z],[z],[z]
2002-09,2002,9,2651,2109,[z],542,2591,2032,[z],559,564,560,1.5,7.4,5.9,[z],1.5,666,1443,658,1374,[x],[x],[x],[x],2028,[x],[x],[x],[z],[z],[z]
2002-10,2002,10,2496,1967,[z],529,2652,2065,[z],587,551,593,1.5,7.3,5.9,[z],1.5,583,1384,594,1471,[x],[x],[x],[x],2061,[x],[x],[x],[z],[z],[z]
2002-11,2002,11,2696,2153,[z],543,2643,2127,[z],516,535,506,1.5,7.4,5.9,[z],1.5,642,1511,636,1491,[x],[x],[x],[x],2125,[x],[x],[x],[z],[z],[z]
2002-12,2002,12,2683,2114,[z],569,2131,1561,[z],570,574,510,1.5,7.5,5.9,[z],1.5,655,1459,527,1034,[x],[x],[x],[x],1555,[x],[x],[x],[z],[z],[z]
2003-01,2003,1,2682,2140,[z],542,2662,2179,[z],483,550,484,1.5,7.5,6,[z],1.5,642,1498,707,1472,[x],[x],[x],[x],2176,[x],[x],[x],[z],[z],[z]
2003-02,2003,2,2783,2229,[z],554,2731,2246,[z],485,595,555,1.6,7.6,6,[z],1.5,681,1548,602,1644,[x],[x],[x],[x],2243,[x],[x],[x],[z],[z],[z]
2003-03,2003,3,2855,2283,[z],572,3070,2524,[z],546,551,530,1.6,7.7,6.2,[z],1.6,720,1563,739,1785,[x],[x],[x],[x],2517,[x],[x],[x],[z],[z],[z]
2003-04,2003,4,2841,2249,[z],592,2942,2357,[z],585,626,641,1.6,7.8,6.2,[z],1.6,704,1545,746,1611,[x],[x],[x],[x],2353,[x],[x],[x],[z],[z],[z]
2003-05,2003,5,2908,2295,[z],613,2903,2280,[z],623,645,670,1.6,7.8,6.2,[z],1.6,645,1650,674,1606,[x],[x],[x],[x],2277,[x],[x],[x],[z],[z],[z]
2003-06,2003,6,2967,2222,[z],745,3053,2324,[z],729,641,665,1.7,8,6.3,[z],1.6,566,1656,595,1729,[x],[x],[x],[x],2320,[x],[x],[x],[z],[z],[z]
2003-07,2003,7,2978,2335,[z],643,3271,2558,[z],713,631,725,1.7,8.1,6.4,[z],1.7,649,1686,707,1851,[x],[x],[x],[x],2555,[x],[x],[x],[z],[z],[z]
2003-08,2003,8,2949,2326,[z],623,2752,2122,[z],630,627,663,1.7,8.1,6.4,[z],1.7,648,1678,579,1543,[x],[x],[x],[x],2118,[x],[x],[x],[z],[z],[z]
2003-09,2003,9,3157,2483,[z],674,3287,2564,[z],723,594,607,1.7,8.3,6.6,[z],1.8,701,1782,748,1816,[x],[x],[x],[x],2559,[x],[x],[x],[z],[z],[z]
2003-10,2003,10,3068,2506,[z],562,3234,2611,[z],623,565,603,1.7,8.4,6.7,[z],1.8,698,1808,698,1913,[x],[x],[x],[x],2606,[x],[x],[x],[z],[z],[z]
2003-11,2003,11,3176,2500,[z],676,2955,2337,[z],618,686,652,1.8,8.5,6.7,[z],1.8,664,1836,627,1710,[x],[x],[x],[x],2336,[x],[x],[x],[z],[z],[z]
2003-12,2003,12,3252,2477,[z],775,2759,1946,[z],813,803,720,1.8,8.7,6.8,[z],1.8,663,1814,562,1384,[x],[x],[x],[x],1945,[x],[x],[x],[z],[z],[z]
2004-01,2004,1,3189,2452,[z],737,2984,2374,[z],610,779,645,1.9,8.7,6.9,[z],1.9,688,1764,757,1617,[x],[x],[x],[x],2372,[x],[x],[x],[z],[z],[z]
2004-02,2004,2,3336,2597,[z],739,3217,2586,[z],631,761,703,1.9,8.9,6.9,[z],1.9,672,1925,592,1994,[x],[x],[x],[x],2583,[x],[x],[x],[z],[z],[z]
2004-03,2004,3,3745,2913,[z],832,4497,3624,[z],873,788,827,2,9.2,7.2,[z],2,609,2304,679,2945,[x],[x],[x],[x],3623,[x],[x],[x],[z],[z],[z]
2004-04,2004,4,3447,2638,[z],809,3456,2670,[z],786,789,785,2,9.3,7.3,[z],2,681,1957,680,1990,[x],[x],[x],[x],2665,[x],[x],[x],[z],[z],[z]
2004-05,2004,5,4067,3323,[z],744,3880,3165,[z],715,742,747,2,9.5,7.5,[z],2.1,692,2631,694,2471,[x],[x],[x],[x],3159,[x],[x],[x],[z],[z],[z]
2004-06,2004,6,3875,2943,[z],932,4195,3225,[z],970,931,994,2.1,9.8,7.7,[z],2.1,651,2292,723,2502,[x],[x],[x],[x],3218,[x],[x],[x],[z],[z],[z]
2004-07,2004,7,3952,3087,[z],865,4069,3159,[z],910,885,935,2.2,10,7.8,[z],2.2,695,2392,721,2438,[x],[x],[x],[x],3150,[x],[x],[x],[z],[z],[z]
2004-08,2004,8,4201,3141,[z],1060,4144,3022,[z],1122,970,1081,2.3,10.3,8.1,[z],2.3,716,2425,673,2349,[x],[x],[x],[x],3014,[x],[x],[x],[z],[z],[z]
2004-09,2004,9,3951,3121,[z],830,3973,3097,[z],876,964,987,2.3,10.5,8.2,[z],2.3,679,2442,685,2412,[x],[x],[x],[x],3096,[x],[x],[x],[z],[z],[z]
2004-10,2004,10,4262,3177,[z],1085,4132,3049,[z],1083,1036,1029,2.4,10.7,8.3,[z],2.4,607,2570,581,2468,[x],[x],[x],[x],3042,[x],[x],[x],[z],[z],[z]
2004-11,2004,11,4297,3216,[z],1081,4504,3406,[z],1098,1048,1082,2.5,11.1,8.5,[z],2.5,697,2519,733,2673,[x],[x],[x],[x],3399,[x],[x],[x],[z],[z],[z]
2004-12,2004,12,4244,3244,[z],1000,3517,2477,[z],1040,1034,911,2.6,11.3,8.7,[z],2.6,651,2593,521,1956,[x],[x],[x],[x],2472,[x],[x],[x],[z],[z],[z]
2005-01,2005,1,4264,3239,[z],1025,3851,3048,[z],803,1085,879,2.6,11.4,8.8,[z],2.6,707,2532,774,2274,[x],[x],[x],[x],3040,[x],[x],[x],[z],[z],[z]
2005-02,2005,2,4471,3274,[z],1197,4349,3347,[z],1002,1129,1007,2.7,11.7,9,[z],2.7,593,2681,537,2810,[x],[x],[x],[x],3337,[x],[x],[x],[z],[z],[z]
2005-03,2005,3,4568,3364,[z],1204,5041,3850,[z],1191,1239,1376,2.8,11.8,9,[z],2.8,661,2703,704,3146,[x],[x],[x],[x],3843,[x],[x],[x],[z],[z],[z]
2005-04,2005,4,5210,3884,[z],1326,5428,4135,[z],1293,1393,1303,3,12.3,9.4,[z],2.9,832,3052,835,3300,[x],[x],[x],[x],4126,[x],[x],[x],[z],[z],[z]
2005-05,2005,5,5295,3785,[z],1510,5338,3803,[z],1535,1484,1572,3.2,12.6,9.5,[z],3.1,751,3034,769,3034,[x],[x],[x],[x],3793,[x],[x],[x],[z],[z],[z]
2005-06,2005,6,5679,4100,[z],1579,6115,4435,[z],1680,1613,1748,3.3,13.1,9.8,[z],3.3,829,3271,879,3556,[x],[x],[x],[x],4425,[x],[x],[x],[z],[z],[z]
2005-07,2005,7,5817,4030,[z],1787,5760,3965,[z],1795,1696,1719,3.5,13.5,10,[z],3.5,819,3211,815,3150,[x],[x],[x],[x],3943,[x],[x],[x],[z],[z],[z]
2005-08,2005,8,5819,4068,[z],1751,6112,4169,[z],1943,1755,1996,3.7,13.9,10.3,[z],3.7,775,3293,790,3379,[x],[x],[x],[x],4155,[x],[x],[x],[z],[z],[z]
2005-09,2005,9,6053,4183,[z],1870,6143,4170,[z],1973,1957,1997,4,14.5,10.5,[z],3.9,798,3385,796,3374,[x],[x],[x],[x],4155,[x],[x],[x],[z],[z],[z]
2005-10,2005,10,6390,4375,[z],2015,6348,4331,[z],2017,2154,2187,4.3,15,10.8,[z],4.2,839,3536,830,3501,[x],[x],[x],[x],4301,[x],[x],[x],[z],[z],[z]
2005-11,2005,11,6763,4378,[z],2385,7092,4642,[z],2450,2422,2533,4.6,15.6,11.1,[z],4.5,816,3562,867,3775,[x],[x],[x],[x],4603,[x],[x],[x],[z],[z],[z]
2005-12,2005,12,7260,4753,[z],2507,6012,3538,[z],2474,2481,2092,4.9,16.2,11.3,[z],4.8,845,3908,669,2869,[x],[x],[x],[x],3513,[x],[x],[x],[z],[z],[z]
2006-01,2006,1,7595,4939,[z],2656,7104,4904,[z],2200,3069,2556,5.3,16.9,11.8,[z],5.2,884,4055,1016,3888,[x],[x],[x],[x],4869,[x],[x],[x],[z],[z],[z]
2006-02,2006,2,7895,5061,[z],2834,7540,5189,[z],2351,2780,2430,5.6,17.7,12.2,[z],5.5,901,4160,825,4364,[x],[x],[x],[x],5121,[x],[x],[x],[z],[z],[z]
2006-03,2006,3,7976,5127,[z],2849,9333,6288,[z],3045,3278,3509,6.1,18.7,12.8,[z],5.9,903,4224,952,5336,[x],[x],[x],[x],6190,[x],[x],[x],[z],[z],[z]
2006-04,2006,4,8509,5060,[z],3449,7728,4764,[z],2964,3380,3211,6.6,19.2,12.9,[z],6.3,805,4255,752,4012,[x],[x],[x],[x],4649,[x],[x],[x],[z],[z],[z]
2006-05,2006,5,8922,5025,[z],3897,9484,5294,[z],4190,3587,3832,7.1,20.2,13.3,[z],6.9,800,4225,862,4432,[x],[x],[x],[x],5139,[x],[x],[x],[z],[z],[z]
2006-06,2006,6,8789,5123,[z],3666,9475,5491,[z],3984,3739,3975,7.6,21,13.5,[z],7.5,827,4296,863,4628,[x],[x],[x],[x],5290,[x],[x],[x],[z],[z],[z]
2006-07,2006,7,9096,5115,[z],3981,9101,5080,[z],4021,3991,4051,8.2,21.8,13.8,[z],8,764,4351,779,4301,[x],[x],[x],[x],4809,[x],[x],[x],[z],[z],[z]
2006-08,2006,8,9370,5252,[z],4118,9721,5174,[z],4547,4138,4667,8.8,22.6,14,[z],8.6,820,4432,821,4353,[x],[x],[x],[x],4260,[x],[x],[x],[z],[z],[z]
2006-09,2006,9,9383,5411,[z],3972,9183,5184,[z],3999,4265,4158,9.3,23.3,14.2,[z],9.1,796,4615,791,4393,[x],[x],[x],[x],1246,[x],[x],[x],[z],[z],[z]
2006-10,2006,10,9781,5513,[z],4268,10222,5739,[z],4483,4389,4694,9.9,24.2,14.5,[z],9.7,832,4681,865,4874,[x],[x],[x],[x],3,[x],[x],[x],[z],[z],[z]
2006-11,2006,11,9773,5628,[z],4145,10118,5818,[z],4300,4420,4677,10.4,24.9,14.8,[z],10.1,821,4807,846,4972,[x],[x],[x],[x],3,[x],[x],[x],[z],[z],[z]
2006-12,2006,12,10020,5891,[z],4129,8098,4218,[z],3880,4190,3467,10.7,25.4,15,[z],10.4,925,4966,705,3513,[x],[x],[x],[x],4,[x],[x],[x],[z],[z],[z]
2007-01,2007,1,9655,5392,[z],4263,9448,5642,[z],3806,4182,3527,10.9,25.9,15.1,[z],10.8,796,4596,969,4673,569,4797,648,4991,3,[x],[x],[x],[z],[z],[z]
2007-02,2007,2,9459,5546,[z],3913,8906,5645,[z],3261,3914,3449,11.2,26.2,15.2,[z],11,828,4718,753,4892,580,4951,593,5050,2,[x],[x],[x],[z],[z],[z]
2007-03,2007,3,9742,5743,[z],3999,10834,6684,[z],4150,3916,4164,11.3,26.6,15.3,[z],11.3,882,4861,906,5778,640,5062,753,5927,4,[x],[x],[x],[z],[z],[z]
2007-04,2007,4,9264,5431,[z],3833,8845,5356,[z],3489,3792,3767,11.4,26.8,15.4,[z],11.4,841,4590,788,4568,560,4894,534,4821,1,[x],[x],[x],[z],[z],[z]
2007-05,2007,5,9150,5663,[z],3487,9450,5658,[z],3792,3364,3661,11.4,26.8,15.5,[z],11.3,941,4722,958,4700,619,5059,622,5030,6,[x],[x],[x],[z],[z],[z]
2007-06,2007,6,8810,5511,[z],3299,9074,5565,[z],3509,3439,3517,11.3,26.7,15.5,[z],11.1,869,4642,885,4680,642,4997,612,4949,4,[x],[x],[x],[z],[z],[z]
2007-07,2007,7,8613,5387,[z],3226,9011,5560,[z],3451,3423,3666,11.2,26.6,15.6,[z],11,866,4521,904,4656,589,4789,569,4985,6,[x],[x],[x],[z],[z],[z]
2007-08,2007,8,9130,5470,[z],3660,9310,5269,[z],4041,3271,3603,10.9,26.5,15.6,[z],10.9,879,4591,860,4409,611,4879,572,4691,6,[x],[x],[x],[z],[z],[z]
2007-09,2007,9,8603,5449,[z],3154,7952,4891,[z],3061,3247,3205,10.7,26.2,15.5,[z],10.6,848,4601,791,4100,588,4753,523,4364,4,[x],[x],[x],[z],[z],[z]
2007-10,2007,10,8072,4971,[z],3101,8863,5445,[z],3418,3025,3349,10.4,25.8,15.5,[z],10.4,873,4098,966,4479,573,4454,626,4817,2,[x],[x],[x],[z],[z],[z]
2007-11,2007,11,8153,5248,[z],2905,8432,5397,[z],3035,3011,3160,10,25.4,15.3,[z],10.1,910,4338,926,4471,582,4628,629,4763,5,[x],[x],[x],[z],[z],[z]
2007-12,2007,12,7886,4890,[z],2996,6412,3589,[z],2823,3373,2888,9.9,25,15.2,[z],9.8,756,4134,584,3005,533,4305,405,3180,4,[x],[x],[x],[z],[z],[z]
2008-01,2008,1,8532,5277,[z],3255,8337,5398,[z],2939,3189,2657,9.6,24.7,15.1,[z],9.6,913,4364,1063,4335,660,4576,760,4636,2,[x],[x],[x],[z],[z],[z]
2008-02,2008,2,8516,5246,[z],3270,8389,5571,[z],2818,3292,2998,9.5,24.6,15.1,[z],9.5,901,4345,842,4729,616,4630,650,4916,5,[x],[x],[x],[z],[z],[z]
2008-03,2008,3,7956,4772,[z],3184,8021,5052,[z],2969,3234,3429,9.3,23.9,14.7,[z],9.2,776,3996,769,4283,511,4192,562,4483,7,[x],[x],[x],[z],[z],[z]
2008-04,2008,4,8294,5356,[z],2938,8943,5957,[z],2986,2932,2962,9.1,23.9,14.8,[z],9.1,965,4391,969,4988,618,4702,663,5286,8,[x],[x],[x],[z],[z],[z]
2008-05,2008,5,7693,5243,[z],2450,7429,4938,[z],2491,3075,3110,9,23.4,14.6,[z],8.8,838,4405,810,4128,555,4695,524,4412,2,[x],[x],[x],[z],[z],[z]
2008-06,2008,6,9270,5538,[z],3732,9539,5548,[z],3991,3132,3313,9,23.5,14.6,[z],8.9,922,4616,895,4653,668,4946,647,4899,2,[x],[x],[x],[z],[z],[z]
2008-07,2008,7,9001,5856,[z],3145,9746,6268,[z],3478,3013,3297,8.9,23.7,14.8,[z],8.9,950,4906,1032,5236,778,5071,781,5483,4,[x],[x],[x],[z],[z],[z]
2008-08,2008,8,8741,5696,[z],3045,8042,5060,[z],2982,3342,3324,8.8,23.4,14.7,[z],8.6,968,4728,908,4152,743,4948,656,4399,5,[x],[x],[x],[z],[z],[z]
2008-09,2008,9,9279,5852,[z],3427,9673,6021,[z],3652,3470,3632,8.9,23.7,15,[z],8.8,1008,4844,1052,4969,737,5060,715,5301,5,[x],[x],[x],[z],[z],[z]
2008-10,2008,10,9482,6122,[z],3360,10122,6520,[z],3602,3338,3619,8.9,24,15.2,[z],8.8,978,5144,1041,5479,762,5509,812,5702,6,[x],[x],[x],[z],[z],[z]
2008-11,2008,11,9835,6481,[z],3354,9295,6166,[z],3129,3318,3234,9,24.2,15.4,[z],8.8,986,5495,960,5206,822,5562,838,5325,3,[x],[x],[x],[z],[z],[z]
2008-12,2008,12,9950,6378,[z],3572,9015,5318,[z],3697,3477,3236,9,24.8,15.8,[z],9,979,5399,843,4475,842,5563,703,4612,3,[x],[x],[x],[z],[z],[z]
2009-01,2009,1,10076,6727,[z],3349,9431,6519,[z],2912,3806,2885,9.1,25,16,[z],9,984,5743,1100,5419,875,5854,933,5584,2,[x],[x],[x],[z],[z],[z]
2009-02,2009,2,10059,6350,[z],3709,9460,6493,[z],2967,3563,3172,9.1,25.2,16.2,[z],9,952,5398,857,5636,869,5448,885,5604,4,[x],[x],[x],[z],[z],[z]
2009-03,2009,3,9908,6239,[z],3669,11482,7575,[z],3907,3713,4073,9.2,26,16.8,[z],9.2,914,5325,956,6619,856,5365,1047,6520,8,[x],[x],[x],[z],[z],[z]
2009-04,2009,4,10219,6425,209,3585,10162,6538,192,3432,3859,3989,9.5,26.8,16.9,0.5,9.3,948,5477,916,5622,851,5540,850,5684,4,[x],[x],[x],[z],[z],[z]
2009-05,2009,5,11055,6321,696,4038,10208,5700,657,3851,4117,4033,9.7,27.8,17.1,1.1,9.6,954,5367,887,4813,845,5464,782,4915,3,[x],[x],[x],[z],[z],[z]
2009-06,2009,6,11820,6458,1071,4291,12817,6765,1141,4911,4078,4457,9.9,28.8,17.4,1.6,9.8,881,5577,921,5844,884,5556,889,5871,5,[x],[x],[x],[z],[z],[z]
2009-07,2009,7,10768,6232,1221,3315,11591,6631,1313,3647,4034,4313,10.2,29.4,17.4,2.1,9.9,968,5264,1039,5592,853,5470,831,5795,5,[x],[x],[x],[z],[z],[z]
2009-08,2009,8,12055,6179,1523,4353,11336,5602,1487,4247,4004,4012,10.3,30.1,17.5,2.4,10.2,882,5297,862,4740,793,5343,702,4897,3,[x],[x],[x],[z],[z],[z]
2009-09,2009,9,11963,6141,1690,4132,12391,6236,1717,4438,4124,4296,10.5,30.7,17.6,2.7,10.3,882,5259,932,5304,827,5249,800,5434,2,[x],[x],[x],[z],[z],[z]
2009-10,2009,10,11904,6041,1744,4119,12085,6133,1792,4160,4296,4464,10.7,31,17.5,3,10.5,930,5111,984,5149,802,5314,824,5307,2,[x],[x],[x],[z],[z],[z]
2009-11,2009,11,12348,5856,1845,4647,12405,5918,1930,4557,4507,4597,11,31.5,17.4,3.3,10.8,901,4955,898,5020,772,5106,801,5113,4,[x],[x],[x],[z],[z],[z]
2009-12,2009,12,12276,6046,1922,4308,11039,4905,1648,4486,4277,4087,11.2,31.7,17.3,3.4,11,982,5064,827,4078,767,5268,649,4252,4,[x],[x],[x],[z],[z],[z]
2010-01,2010,1,11825,5630,1941,4254,10246,5155,1505,3586,4111,2967,11.2,31.7,17,3.6,11.1,810,4820,863,4292,741,4905,763,4388,4,[x],[x],[x],[z],[z],[z]
2010-02,2010,2,11844,5549,1948,4347,10861,5626,1829,3406,4188,3774,11.3,31.8,16.8,3.8,11.2,827,4722,733,4893,708,4816,717,4899,10,[x],[x],[x],[z],[z],[z]
2010-03,2010,3,12077,5995,1939,4143,14743,7654,2330,4759,4151,4743,11.4,32.2,16.8,4,11.4,810,5185,889,6765,739,5278,917,6729,8,[x],[x],[x],[z],[z],[z]
2010-04,2010,4,11932,5346,1998,4588,11764,5359,1959,4446,4388,4431,11.5,32.5,16.5,4.4,11.6,778,4568,751,4608,713,4644,710,4646,3,[x],[x],[x],[z],[z],[z]
2010-05,2010,5,11330,5096,1993,4241,10612,4645,1984,3983,4157,4174,11.6,32.6,16.2,4.7,11.6,731,4365,686,3959,680,4367,640,4002,3,[x],[x],[x],[z],[z],[z]
2010-06,2010,6,11404,4866,2216,4322,12282,4911,2352,5019,4279,4700,11.6,32.4,15.8,5,11.6,719,4147,743,4168,658,4172,663,4244,4,[x],[x],[x],[z],[z],[z]
2010-07,2010,7,10922,4535,2263,4124,11253,4566,2365,4322,4310,4421,11.6,32.3,15.3,5.3,11.8,703,3832,743,3823,694,3852,664,3894,8,[x],[x],[x],[z],[z],[z]
2010-08,2010,8,11275,4963,2380,3932,11141,4720,2368,4053,3997,4192,11.7,32.3,15.1,5.4,11.7,704,4259,713,4007,722,4202,682,4024,14,[x],[x],[x],[z],[z],[z]
2010-09,2010,9,11163,4663,2252,4248,11493,4598,2336,4559,4161,4313,11.6,32,14.7,5.6,11.8,699,3964,711,3887,768,3705,722,3707,169,[x],[x],[x],[z],[z],[z]
2010-10,2010,10,10253,4514,1566,4173,9855,4359,1522,3974,4246,4270,11.6,31.5,14.3,5.5,11.7,636,3878,643,3716,778,3309,782,3122,455,[x],[x],[x],[z],[z],[z]
2010-11,2010,11,11001,4293,2569,4139,11663,4597,2820,4246,4247,4477,11.6,31.3,14,5.7,11.6,627,3666,669,3928,851,3149,918,3360,319,[x],[x],[x],[z],[z],[z]
2010-12,2010,12,9945,3722,2136,4087,9056,2982,1830,4244,4127,3901,11.5,30.8,13.5,5.8,11.6,543,3179,443,2539,703,2849,577,2232,173,[x],[x],[x],[z],[z],[z]
2011-01,2011,1,10192,4053,2396,3743,8943,3760,1940,3243,3897,2840,11.5,30.5,13.2,5.9,11.5,664,3389,714,3046,841,2954,865,2681,214,[x],[x],[x],[z],[z],[z]
2011-02,2011,2,10011,3931,2331,3749,9076,3987,2212,2877,4118,3765,11.5,30.1,12.8,5.9,11.3,657,3274,571,3416,778,2964,788,3006,193,[x],[x],[x],[z],[z],[z]
2011-03,2011,3,10078,3926,2114,4038,12167,4849,2638,4680,4009,4578,11.4,29.5,12.2,6,11.3,672,3254,720,4129,812,2918,1007,3631,211,[x],[x],[x],[z],[z],[z]
2011-04,2011,4,9931,3609,2369,3953,9410,3529,2187,3694,3913,3850,11.3,28.9,11.7,6,11.1,618,2991,603,2926,797,2679,772,2629,128,[x],[x],[x],[z],[z],[z]
2011-05,2011,5,10836,4408,2416,4012,10720,4314,2497,3909,3680,3915,11.2,28.9,11.6,6.2,11.1,640,3768,625,3689,818,3444,832,3382,100,[x],[x],[x],[z],[z],[z]
2011-06,2011,6,9516,3268,2387,3861,10340,3256,2575,4509,4245,4679,11.2,28.4,11.3,6.2,11,651,2617,660,2596,742,2413,731,2417,108,[x],[x],[x],[z],[z],[z]
2011-07,2011,7,9998,3276,2614,4108,9886,3209,2590,4087,4210,4194,11.1,28.1,10.9,6.3,10.9,642,2634,654,2555,733,2437,694,2385,130,1118,10,1108,[z],[z],[z]
2011-08,2011,8,9948,3178,2375,4395,10508,3280,2499,4729,4299,4599,11.2,27.9,10.6,6.3,11.1,652,2526,715,2565,736,2366,716,2460,104,1102,10,1092,[z],[z],[z]
2011-09,2011,9,9520,3104,2489,3927,9829,3087,2517,4225,4135,4176,11.2,27.5,10.3,6.3,11,639,2465,655,2432,692,2337,644,2350,93,1121,15,1106,[z],[z],[z]
2011-10,2011,10,9660,3086,2487,4087,9486,3080,2514,3892,4275,4352,11.2,27.4,10,6.5,11,673,2413,686,2394,717,2306,722,2278,80,963,9,954,[z],[z],[z]
2011-11,2011,11,10833,2964,2579,5290,11325,3166,2796,5363,4078,4324,11.1,27.3,9.6,6.5,11.2,648,2316,687,2479,663,2215,706,2372,88,1047,13,1034,[z],[z],[z]
2011-12,2011,12,9389,3129,2458,3802,8223,2416,2050,3757,4325,3912,11.1,27.1,9.5,6.6,11.1,669,2460,537,1879,710,2346,561,1788,67,843,11,832,[z],[z],[z]
2012-01,2012,1,9773,2888,2513,4372,8983,2835,2077,4071,3927,3007,11.2,27.1,9.3,6.6,11.3,617,2271,685,2150,651,2150,708,2047,80,768,11,757,[z],[z],[z]
2012-02,2012,2,9368,2912,2611,3845,8757,3070,2609,3078,4108,3961,11.2,27,9.1,6.7,11.3,659,2253,588,2482,708,2130,740,2257,73,557,11,546,[z],[z],[z]
2012-03,2012,3,9564,2791,2732,4041,10928,3220,3212,4496,4264,4610,11.2,26.7,8.7,6.8,11.2,606,2185,626,2594,633,2061,726,2405,89,494,8,486,[z],[z],[z]
2012-04,2012,4,9335,2771,2658,3906,8894,2711,2483,3700,4043,4061,11.2,26.6,8.5,6.9,11.2,605,2166,577,2134,688,2007,674,1966,71,378,4,374,[z],[z],[z]
2012-05,2012,5,9580,2898,2766,3916,9905,2945,3012,3948,4037,4424,11.3,26.4,8.2,7,11.2,574,2324,584,2361,662,2126,698,2168,79,510,7,503,[z],[z],[z]
2012-06,2012,6,8286,2533,2467,3286,8550,2437,2461,3652,3549,3599,11.1,26,8,6.9,11,492,2041,506,1931,587,1890,554,1817,66,565,4,561,[z],[z],[z]
2012-07,2012,7,10394,2637,2624,5133,10885,2744,2722,5419,3840,4056,11.1,26.2,7.9,7,11.3,508,2129,541,2203,654,1952,667,2042,35,712,2,710,[z],[z],[z]
2012-08,2012,8,8495,2581,2586,3328,8769,2557,2610,3602,3830,4029,10.9,25.8,7.7,7,11.1,533,2048,557,2000,633,1931,596,1915,46,716,10,706,[z],[z],[z]
2012-09,2012,9,8873,2586,2613,3674,8399,2338,2445,3616,3783,3562,10.8,25.4,7.5,7,10.9,512,2074,497,1841,603,1912,528,1764,46,627,11,616,[z],[z],[z]
2012-10,2012,10,8540,2419,2589,3532,9224,2675,2825,3724,3643,3959,10.7,25.4,7.4,7,10.9,523,1896,573,2102,616,1789,671,1963,41,680,9,671,[z],[z],[z]
2012-11,2012,11,8451,2430,2532,3489,8702,2513,2682,3507,3818,3998,10.6,24.8,7.3,7,10.5,473,1957,479,2034,595,1806,600,1861,52,615,3,612,[z],[z],[z]
2012-12,2012,12,8839,2331,2489,4019,7501,1732,2042,3727,3728,3304,10.5,24.6,7.1,7,10.4,490,1841,378,1354,582,1707,447,1255,30,462,6,456,[z],[z],[z]
2013-01,2013,1,8390,2151,2392,3847,8111,2162,2102,3847,3904,3123,10.5,24.4,7,7,10.4,448,1703,513,1649,524,1571,585,1534,43,589,8,581,[z],[z],[z]
2013-02,2013,2,8739,2292,2688,3759,7737,2303,2575,2859,3922,3652,10.4,24.1,6.8,7,10.3,429,1863,356,1947,558,1723,556,1725,22,390,4,386,[z],[z],[z]
2013-03,2013,3,9043,2152,2408,4483,9138,2209,2542,4387,3617,3834,10.2,23.7,6.6,6.8,10.3,433,1719,427,1782,540,1558,574,1600,35,275,3,272,[z],[z],[z]
2013-04,2013,4,8363,2072,2330,3961,8984,2321,2423,4240,4108,4210,10.2,23.7,6.5,6.8,10.4,445,1627,464,1857,532,1494,575,1695,51,238,6,232,[z],[z],[z]
2013-05,2013,5,8161,2124,2331,3706,8327,2147,2530,3650,4209,4497,10.3,23.3,6.3,6.7,10.3,452,1672,450,1697,538,1558,548,1558,41,372,2,370,[z],[z],[z]
2013-06,2013,6,8477,2172,2254,4051,8387,2009,2179,4199,3994,4000,10.3,23.3,6.2,6.6,10.5,495,1677,487,1522,571,1544,539,1428,42,437,5,432,[z],[z],[z]
2013-07,2013,7,8230,2089,2181,3960,9174,2307,2424,4443,4201,4547,10.4,22.9,6.1,6.6,10.2,491,1598,550,1757,569,1497,601,1665,41,521,8,513,[z],[z],[z]
2013-08,2013,8,8862,1954,2177,4731,8755,1866,2116,4773,4484,4522,10.5,22.9,5.9,6.5,10.5,446,1508,458,1408,521,1402,476,1356,34,204,6,198,[z],[z],[z]
2013-09,2013,9,8054,1912,2233,3909,8175,1836,2184,4155,4214,4176,10.7,22.8,5.8,6.4,10.6,458,1454,450,1386,515,1369,467,1331,38,639,8,631,[z],[z],[z]
2013-10,2013,10,8472,1930,2169,4373,9034,2077,2380,4577,4015,4421,10.8,22.8,5.7,6.3,10.8,433,1497,450,1627,482,1403,526,1521,30,515,6,509,[z],[z],[z]
2013-11,2013,11,8019,1893,2190,3936,7873,1907,2235,3731,4320,4317,10.8,22.6,5.5,6.2,10.8,456,1437,464,1443,486,1392,470,1407,30,408,4,404,[z],[z],[z]
2013-12,2013,12,8181,1825,2286,4070,7295,1422,1948,3925,4415,4104,11,22.5,5.5,6.2,10.9,391,1434,308,1114,453,1343,371,1035,16,299,1,298,[z],[z],[z]
2014-01,2014,1,8748,1869,2274,4605,8535,1882,1994,4659,4546,3629,11.1,22.6,5.4,6.1,11,445,1424,504,1378,507,1369,549,1312,21,418,5,413,[z],[z],[z]
2014-02,2014,2,8455,1823,2015,4617,7307,1813,1944,3550,4562,4301,11.2,22.5,5.3,6,11.2,396,1427,326,1487,491,1303,486,1300,27,298,2,296,[z],[z],[z]
2014-03,2014,3,8336,1785,2270,4281,9071,1989,2611,4471,4699,4911,11.5,22.4,5.2,6,11.2,413,1372,422,1567,424,1311,480,1477,32,274,5,269,[z],[z],[z]
2014-04,2014,4,8902,1892,2335,4675,8944,1956,2276,4712,4504,4755,11.6,22.4,5.2,6,11.3,442,1450,456,1500,499,1360,512,1416,28,221,7,214,[z],[z],[z]
2014-05,2014,5,9199,1817,2365,5017,8830,1759,2458,4613,4425,4482,11.6,22.5,5.1,5.9,11.5,440,1377,436,1323,475,1301,466,1256,37,235,3,232,[z],[z],[z]
2014-06,2014,6,8656,1767,2270,4619,8967,1757,2272,4938,4385,4548,11.7,22.6,5,6,11.7,428,1339,433,1324,461,1291,455,1275,27,345,2,343,[z],[z],[z]
2014-07,2014,7,7880,1662,2340,3878,8840,1785,2559,4496,4128,4526,11.7,22.5,4.9,6,11.7,396,1266,433,1352,413,1212,441,1322,22,393,1,392,[z],[z],[z]
2014-08,2014,8,7762,1669,2330,3763,7229,1529,2099,3601,3984,3882,11.5,22.2,4.8,6,11.4,401,1268,395,1134,415,1239,370,1142,17,365,7,358,[z],[z],[z]
2014-09,2014,9,7525,1549,2120,3856,8207,1591,2150,4466,3820,3928,11.5,22.2,4.8,6,11.5,390,1159,412,1179,406,1126,391,1178,22,338,6,332,[z],[z],[z]
2014-10,2014,10,7702,1525,2151,4026,8154,1628,2330,4196,3890,4192,11.4,22,4.6,5.9,11.4,327,1198,332,1296,368,1147,386,1224,18,348,4,344,[z],[z],[z]
2014-11,2014,11,7554,1532,2143,3879,7074,1457,2090,3527,3694,3691,11.3,21.8,4.5,5.9,11.3,351,1181,341,1116,360,1143,342,1096,19,324,3,321,[z],[z],[z]
2014-12,2014,12,7423,1448,2075,3900,6986,1193,1905,3888,3691,3485,11.1,21.7,4.5,5.9,11.3,353,1095,293,900,372,1059,312,863,18,308,2,306,[z],[z],[z]
2015-01,2015,1,6937,1408,2278,3251,6474,1378,1954,3142,3502,2711,10.9,21.2,4.4,5.9,10.9,328,1080,375,1003,365,1036,384,970,24,255,5,250,[z],[z],[z]
2015-02,2015,2,7058,1391,2046,3621,6137,1376,1987,2774,3409,3248,10.7,20.9,4.3,5.9,10.8,343,1048,289,1087,343,1027,337,1024,15,224,7,217,[z],[z],[z]
2015-03,2015,3,6589,1421,2008,3160,7387,1656,2273,3458,3218,3582,10.4,20.5,4.2,5.8,10.5,406,1015,433,1223,365,1014,444,1196,16,188,5,183,[z],[z],[z]
2015-04,2015,4,6358,1337,2071,2950,6474,1359,2123,2992,2995,3120,10,20,4.1,5.8,10.2,350,987,355,1004,316,1011,316,1030,13,128,4,124,[z],[z],[z]
2015-05,2015,5,5789,1344,1899,2546,5296,1245,1847,2204,3209,3094,9.7,19.2,4,5.6,9.6,334,1010,324,921,336,995,318,910,17,175,5,170,[z],[z],[z]
2015-06,2015,6,6351,1274,1772,3305,6810,1368,1863,3579,3168,3355,9.4,18.7,3.9,5.5,9.3,344,930,376,992,317,952,331,1019,18,257,5,252,[z],[z],[z]
2015-07,2015,7,6562,1244,1972,3346,7402,1323,2137,3942,3097,3328,9.1,18.4,3.8,5.4,9.2,364,880,389,934,311,917,322,981,20,271,5,266,[z],[z],[z]
2015-08,2015,8,6918,1351,1977,3590,6448,1271,1850,3327,3265,3207,9,18.2,3.7,5.4,9.1,413,938,413,858,380,963,343,910,18,253,4,249,[z],[z],[z]
2015-09,2015,9,6384,1276,1641,3467,7042,1302,1642,4098,3476,3587,8.9,17.9,3.6,5.3,9,341,935,356,946,312,944,304,977,21,243,3,240,[z],[z],[z]
2015-10,2015,10,6439,1240,2180,3019,6535,1265,2294,2976,3426,3529,8.8,17.6,3.6,5.3,8.8,365,875,363,902,322,895,325,927,13,307,6,301,[z],[z],[z]
2015-11,2015,11,7820,1307,2110,4403,7694,1304,2147,4243,3771,3962,8.8,17.7,3.5,5.3,8.9,436,871,430,874,415,876,407,875,22,229,7,222,[z],[z],[z]
2015-12,2015,12,6828,1257,2224,3347,6332,1002,2060,3270,3431,3241,8.8,17.5,3.5,5.3,8.8,380,877,301,701,313,911,264,722,16,217,1,216,[z],[z],[z]
2016-01,2016,1,6995,1128,2250,3617,6186,1091,1834,3261,3493,2617,8.7,17.5,3.4,5.3,8.8,356,772,396,695,301,848,310,766,15,240,2,238,[z],[z],[z]
2016-02,2016,2,7156,1189,2282,3685,6523,1251,2364,2908,3438,3456,8.8,17.5,3.4,5.3,8.8,329,860,301,950,301,865,304,921,26,176,2,174,[z],[z],[z]
2016-03,2016,3,6599,1275,2203,3121,7382,1437,2524,3421,3592,4119,8.9,17.5,3.3,5.4,8.8,366,909,399,1038,361,877,429,994,14,160,1,159,[z],[z],[z]
2016-04,2016,4,7679,1097,2192,4390,7799,1147,2178,4474,4141,3979,9.1,17.8,3.3,5.4,9.1,300,797,306,841,293,805,294,845,8,115,1,114,[z],[z],[z]
2016-05,2016,5,7331,1203,2160,3968,6992,1184,2187,3621,3944,3970,9.2,18.1,3.3,5.5,9.4,314,889,318,866,295,878,296,858,30,160,3,157,[z],[z],[z]
2016-06,2016,6,7586,1339,2254,3993,7920,1378,2376,4166,4192,4430,9.5,18.4,3.3,5.6,9.5,331,1008,336,1042,331,994,336,1020,22,234,2,232,[z],[z],[z]
2016-07,2016,7,8069,1421,2237,4411,8377,1375,2194,4808,4443,4417,9.7,18.6,3.3,5.6,9.7,303,1118,302,1073,348,1030,338,1014,23,242,3,239,[z],[z],[z]
2016-08,2016,8,7571,1239,2150,4182,7664,1291,2162,4211,4434,4667,10,18.8,3.3,5.7,9.9,311,928,333,958,306,917,306,960,25,256,2,254,[z],[z],[z]
2016-09,2016,9,8262,1273,2175,4814,9180,1270,2134,5776,4515,4612,10.2,19.3,3.3,5.8,10.3,309,964,303,967,320,941,303,948,19,305,2,303,[z],[z],[z]
2016-10,2016,10,8031,1371,2157,4503,7794,1360,2206,4228,4593,4656,10.5,19.5,3.3,5.7,10.5,372,999,358,1002,336,986,332,998,30,258,2,256,[z],[z],[z]
2016-11,2016,11,7791,1268,2091,4432,8106,1322,2210,4574,4561,4959,10.7,19.6,3.3,5.7,10.6,312,956,325,997,324,931,336,972,14,287,3,284,[z],[z],[z]
2016-12,2016,12,7433,1247,2045,4141,6579,944,1827,3808,4532,3995,10.8,19.6,3.3,5.7,10.7,298,949,224,720,318,900,249,676,19,245,2,243,[z],[z],[z]
2017-01,2017,1,8053,1347,1987,4719,7636,1393,1730,4513,4777,3811,11.1,19.9,3.3,5.7,11,308,1039,362,1031,314,1024,348,1022,23,262,3,259,[z],[z],[z]
2017-02,2017,2,8848,1210,1956,5682,7370,1223,1929,4218,4720,4624,11.3,20.1,3.3,5.6,11.2,279,931,254,969,286,906,281,920,22,218,2,216,[z],[z],[z]
2017-03,2017,3,7628,1221,2074,4333,9224,1467,2460,5297,4726,5187,11.6,20.5,3.3,5.5,11.6,267,954,287,1180,290,923,348,1098,21,182,0,182,[z],[z],[z]
2017-04,2017,4,7219,1249,1855,4115,6652,1160,1687,3805,4835,4741,11.7,20.3,3.3,5.4,11.5,270,979,260,900,320,904,305,842,13,157,3,154,[z],[z],[z]
2017-05,2017,5,7534,1232,2086,4216,7749,1287,2242,4220,4752,4859,11.9,20.4,3.3,5.4,11.6,296,936,324,963,319,903,326,937,24,215,0,215,[z],[z],[z]
2017-06,2017,6,7712,1248,2160,4304,7956,1275,2217,4464,4995,5187,12.1,20.4,3.3,5.4,11.7,247,1001,247,1028,275,961,274,972,29,264,4,260,[z],[z],[z]
2017-07,2017,7,9136,1288,2032,5816,9769,1268,2068,6433,5282,5343,12.2,20.7,3.3,5.4,12,263,1025,267,1001,272,959,269,976,23,273,6,267,[z],[z],[z]
2017-08,2017,8,8811,1214,2242,5355,8785,1234,2235,5316,5109,5467,12.4,20.9,3.3,5.4,12.2,264,950,272,962,287,903,293,923,18,295,2,293,[z],[z],[z]
2017-09,2017,9,8592,1260,2073,5259,9242,1236,1971,6035,5308,5165,12.5,20.9,3.3,5.4,12.3,282,978,277,959,316,938,289,932,15,287,7,280,[z],[z],[z]
2017-10,2017,10,7370,1257,2108,4005,7567,1321,2207,4039,5175,5555,12.7,20.9,3.3,5.4,12.2,293,964,293,1028,302,920,319,983,19,332,3,329,[z],[z],[z]
2017-11,2017,11,9011,1287,2118,5606,9408,1303,2289,5816,5520,6059,12.9,21.1,3.3,5.4,12.5,264,1023,265,1038,306,964,310,973,20,320,3,317,[z],[z],[z]
2017-12,2017,12,9196,1297,2203,5696,7750,941,1859,4950,5486,4687,13.1,21.4,3.3,5.4,12.7,272,1025,196,745,317,963,241,691,9,217,1,216,[z],[z],[z]
2018-01,2018,1,8694,1361,2175,5158,8742,1505,2028,5209,5822,4692,13.3,21.6,3.3,5.4,12.9,307,1054,384,1121,322,1027,364,1108,33,239,4,235,[z],[z],[z]
2018-02,2018,2,8511,1387,2157,4967,7166,1415,2144,3607,5818,5781,13.5,21.6,3.3,5.5,12.8,324,1063,311,1104,335,1041,333,1062,20,231,2,229,[z],[z],[z]
2018-03,2018,3,9431,1383,2218,5830,10372,1464,2372,6536,5829,6286,13.7,21.8,3.3,5.5,13,320,1063,329,1135,332,1020,360,1079,25,197,1,196,[z],[z],[z]
2018-04,2018,4,9557,1380,2312,5865,9828,1440,2306,6082,5594,5580,13.9,22.5,3.4,5.6,13.5,340,1040,337,1103,313,1049,328,1089,23,178,3,175,[z],[z],[z]
2018-05,2018,5,9494,1355,2339,5800,9753,1361,2495,5897,6389,6564,14.3,22.9,3.4,5.6,13.9,281,1074,297,1064,311,1022,317,1027,17,227,1,226,[z],[z],[z]
2018-06,2018,6,9034,1341,2265,5428,8824,1307,2221,5296,5664,5533,14.3,23.1,3.4,5.6,14,290,1051,287,1020,332,1008,313,977,17,255,5,250,[z],[z],[z]
2018-07,2018,7,9393,1457,2432,5504,10266,1496,2492,6278,5525,5852,14.5,23.2,3.4,5.7,14,358,1099,373,1123,348,1046,366,1112,18,275,2,273,[z],[z],[z]
2018-08,2018,8,9445,1419,2467,5559,9226,1410,2397,5419,5052,5305,14.4,23.2,3.5,5.8,14,311,1108,301,1109,342,1064,338,1047,25,283,3,280,[z],[z],[z]
2018-09,2018,9,7595,1403,2276,3916,7530,1303,2108,4119,5700,5504,14.5,22.9,3.5,5.8,13.6,276,1127,254,1049,320,1043,287,987,29,275,1,274,[z],[z],[z]
2018-10,2018,10,10668,1394,2276,6998,11498,1551,2525,7422,6609,7241,14.8,23.7,3.5,5.8,14.3,280,1114,296,1255,316,1052,342,1181,28,352,1,351,[z],[z],[z]
2018-11,2018,11,12679,1342,2425,8912,12961,1345,2550,9066,6531,7031,15,24.4,3.5,5.9,15,280,1062,278,1067,311,1006,311,997,37,321,0,321,[z],[z],[z]
2018-12,2018,12,10497,1422,2342,6733,8831,1046,2046,5739,6356,5520,15.2,24.7,3.6,5.9,15.2,294,1128,213,833,312,1075,236,787,23,268,2,266,[z],[z],[z]
2019-01,2019,1,9767,1367,2283,6117,9747,1479,2144,6124,6372,5073,15.3,24.9,3.6,6,15.3,284,1083,339,1140,299,1010,337,1092,50,275,4,271,[z],[z],[z]
2019-02,2019,2,10018,1380,2347,6291,8278,1431,2369,4478,6609,6651,15.5,25.1,3.6,6,15.5,235,1145,235,1196,295,1051,299,1083,49,238,2,236,[z],[z],[z]
2019-03,2019,3,10934,1446,2299,7189,12214,1559,2433,8222,6676,6839,15.6,25.5,3.6,6,15.9,278,1168,273,1286,298,1105,328,1186,45,286,2,284,[z],[z],[z]
2019-04,2019,4,9483,1429,2424,5630,9684,1492,2389,5803,7125,7473,16,25.4,3.6,6,15.8,291,1138,305,1187,326,1059,343,1104,45,196,4,192,[z],[z],[z]
2019-05,2019,5,10547,1441,2151,6955,10989,1442,2289,7258,6705,6752,16,25.7,3.6,6,16.1,288,1153,296,1146,315,1095,307,1083,52,262,4,258,[z],[z],[z]
2019-06,2019,6,10406,1418,2262,6726,9721,1301,2118,6302,6858,6621,16.2,25.9,3.6,6,16.3,290,1128,271,1030,317,1050,290,967,44,269,4,265,[z],[z],[z]
2019-07,2019,7,10891,1346,2209,7336,12253,1464,2395,8394,6973,7525,16.6,26.3,3.6,5.9,16.7,272,1074,299,1165,303,964,325,1089,50,378,4,374,[z],[z],[z]
2019-08,2019,8,9641,1419,2085,6137,8910,1348,1955,5607,6907,6959,16.9,26.2,3.6,5.8,16.8,256,1163,237,1111,312,1062,297,1012,39,268,6,262,[z],[z],[z]
2019-09,2019,9,11824,1383,2486,7955,12280,1366,2438,8476,6780,6833,17.2,27.2,3.6,5.9,17.7,266,1117,251,1115,287,1075,265,1077,24,298,3,295,[z],[z],[z]
2019-10,2019,10,9196,1290,2281,5625,10055,1405,2509,6141,7071,7824,17.3,26.9,3.6,5.9,17.4,231,1059,234,1171,264,981,286,1073,46,318,2,316,[z],[z],[z]
2019-11,2019,11,9848,1408,2301,6139,9606,1365,2352,5889,6762,6878,17.3,26.1,3.6,5.9,16.7,226,1182,229,1136,272,1116,261,1071,33,305,2,303,[z],[z],[z]
2019-12,2019,12,9588,1416,2340,5832,8405,1091,2076,5238,7226,6635,17.5,26,3.6,5.9,16.6,211,1205,159,932,254,1122,203,854,34,244,0,244,[z],[z],[z]
2020-01,2020,1,10570,1446,2369,6755,10500,1540,2209,6751,7664,5803,17.6,26.2,3.6,5.9,16.7,213,1233,243,1297,282,1122,301,1201,38,272,2,270,[z],[z],[z]
2020-02,2020,2,10122,1498,2305,6319,8591,1558,2392,4641,7848,7966,17.9,26.3,3.6,5.9,16.8,197,1301,210,1348,302,1167,312,1211,35,205,3,202,[z],[z],[z]
2020-03,2020,3,6654,1301,2097,3256,7832,1487,2314,4031,7735,8598,18.3,25.3,3.6,5.8,15.9,172,1129,174,1313,254,1025,298,1162,27,202,3,199,[z],[z],[z]
2020-04,2020,4,9943,824,1526,7593,10404,817,1497,8090,5537,5810,17.9,25.5,3.4,5.7,16.4,36,788,33,784,144,673,144,663,10,105,0,105,[z],[z],[z]
2020-05,2020,5,14201,824,1616,11761,13853,742,1544,11567,4155,3897,17.3,26.1,3.3,5.5,17.3,57,767,52,690,105,699,93,630,19,149,1,148,[z],[z],[z]
2020-06,2020,6,7858,868,1785,5205,8282,883,1779,5620,3886,4015,16.8,25.8,3.2,5.4,17.1,71,797,71,812,135,716,130,732,21,184,1,183,[z],[z],[z]
2020-07,2020,7,6696,913,1559,4224,7334,937,1626,4771,5021,5355,16.3,24.7,3.1,5.3,16.4,86,827,88,849,141,731,142,770,25,173,1,172,[z],[z],[z]
2020-08,2020,8,7111,869,1487,4755,6381,793,1334,4254,5792,5729,16,24.2,3,5.1,16.1,98,771,85,708,134,705,122,645,26,164,2,162,[z],[z],[z]
2020-09,2020,9,6938,1030,1490,4418,7471,1056,1530,4885,6461,6708,16,23.1,2.9,4.9,15.3,92,938,93,963,197,792,191,828,37,158,1,157,[z],[z],[z]
2020-10,2020,10,11321,1054,1507,8760,11957,1076,1575,9306,6736,6943,15.8,23.5,2.8,4.7,16,111,943,106,970,178,806,179,811,86,150,2,148,[z],[z],[z]
2020-11,2020,11,9651,980,1392,7279,9336,945,1430,6961,6625,6945,15.8,23.5,2.7,4.5,16.2,111,869,110,835,157,768,153,725,67,208,3,205,[z],[z],[z]
2020-12,2020,12,10500,1052,1338,8110,9625,824,1243,7558,6793,6483,15.8,23.7,2.7,4.4,16.7,103,949,81,743,205,770,169,594,61,170,3,167,[z],[z],[z]
2021-01,2021,1,9355,866,1375,7114,8331,840,1175,6316,6403,4372,15.5,23.3,2.5,4.1,16.6,92,774,98,742,131,613,130,608,102,209,1,208,[z],[z],[z]
2021-02,2021,2,8183,888,1355,5940,6839,920,1394,4525,6356,6483,15.2,22.9,2.4,3.9,16.5,101,787,107,813,134,675,140,692,88,140,2,138,[z],[z],[z]
2021-03,2021,3,8878,866,1420,6592,10954,1042,1594,8318,7170,8339,15.1,23.5,2.3,3.8,17.5,97,769,105,937,123,683,150,811,81,67,0,67,[z],[z],[z]
2021-04,2021,4,9340,832,1445,7063,9872,825,1429,7618,6540,6656,15.3,23.4,2.3,3.7,17.3,87,745,86,739,119,652,119,639,67,65,3,62,[z],[z],[z]
2021-05,2021,5,8621,785,1548,6288,8496,732,1529,6235,6610,6360,15.8,22.3,2.3,3.7,16.2,89,696,85,647,134,569,122,533,77,45,0,45,6105,6058,47
2021-06,2021,6,9349,736,1433,7180,9851,750,1416,7685,6932,7137,16.4,22.6,2.3,3.7,16.6,101,635,105,645,109,529,108,537,105,92,0,92,5639,5576,63
2021-07,2021,7,8961,639,1835,6487,9090,634,1867,6589,6709,6846,16.7,22.9,2.2,3.7,17,97,542,100,534,106,439,104,451,79,76,0,76,5544,5456,88
2021-08,2021,8,9796,644,1859,7293,9117,625,1719,6773,6899,7129,17,23.5,2.2,3.8,17.5,83,561,75,550,104,478,103,465,57,108,1,107,4848,4781,67
2021-09,2021,9,9390,626,2012,6752,9967,630,2150,7187,6318,6595,17,24,2.1,3.9,18,75,551,77,553,108,454,105,465,60,109,1,108,5094,5010,84
2021-10,2021,10,9628,628,1945,7055,9682,618,1937,7127,6616,6554,16.9,23.5,2,4,17.5,107,521,100,518,115,432,115,416,87,113,0,113,4836,4755,81
2021-11,2021,11,9250,629,1877,6744,9391,652,2054,6685,6976,7483,17,23.5,1.9,4.1,17.5,91,538,100,552,109,451,116,459,77,163,0,163,4863,4773,90
2021-12,2021,12,9292,584,2033,6675,8452,454,1872,6126,7026,6602,17,23.3,1.8,4.3,17.2,93,491,74,380,110,401,89,300,65,134,0,134,4197,4093,104
2022-01,2022,1,9631,586,2094,6951,8485,585,1873,6027,6844,4658,17.1,23.3,1.8,4.4,17.1,72,514,78,507,85,423,86,437,62,106,0,106,5287,5215,72
2022-02,2022,2,11459,574,2162,8723,9836,601,2245,6990,7394,7565,17.3,23.9,1.7,4.6,17.6,99,475,106,495,104,406,111,420,70,113,0,113,5804,5716,88
2022-03,2022,3,9461,561,2190,6710,11552,657,2513,8382,7261,8467,17.3,24,1.6,4.8,17.6,101,460,108,549,104,382,130,445,82,116,1,115,6272,6151,121
2022-04,2022,4,9601,580,2094,6927,9789,559,1923,7307,7961,7845,17.5,24,1.6,4.9,17.5,98,482,96,463,100,412,96,397,66,92,0,92,5388,5282,106
2022-05,2022,5,10060,591,2045,7424,10499,590,2033,7876,7300,7464,17.8,24.4,1.5,5,17.9,97,494,93,497,102,407,99,408,83,53,1,52,5750,5639,111
2022-06,2022,6,9937,491,1897,7549,10533,500,1912,8121,7390,7648,17.9,24.5,1.5,5.1,17.9,90,401,90,410,105,326,102,330,68,124,0,124,5772,5687,85
2022-07,2022,7,9504,563,1920,7021,9201,545,1836,6820,7699,7685,18,24.5,1.5,5.1,18,84,479,84,461,106,389,100,387,58,104,0,104,6112,5994,118
2022-08,2022,8,9541,560,1949,7032,9583,579,1932,7072,7444,7849,18.2,24.6,1.5,5.1,18,92,468,88,491,104,390,104,407,68,108,0,108,6058,5971,87
2022-09,2022,9,9396,542,1721,7133,10024,548,1812,7664,7360,7567,18.3,24.6,1.4,5,18.1,111,431,116,432,103,385,99,391,58,113,0,113,6177,6085,92
2022-10,2022,10,10358,545,1834,7979,10531,551,1894,8086,7081,7071,18.4,24.7,1.4,5,18.3,85,460,82,469,102,377,103,373,75,85,0,85,6342,6230,112
2022-11,2022,11,10300,543,2087,7670,10478,561,2269,7648,6900,7404,18.4,24.9,1.4,5.1,18.5,106,437,116,445,105,358,113,361,87,97,1,96,6796,6689,107
2022-12,2022,12,9503,546,2228,6729,8240,407,1979,5854,6263,5674,18.2,24.9,1.4,5.1,18.4,108,438,86,321,107,367,84,265,58,62,0,62,5029,4912,117
2023-01,2023,1,8520,599,1902,6019,7748,641,1741,5366,6390,4559,18.2,24.7,1.4,5,18.2,108,491,123,518,113,398,121,439,81,65,2,63,7584,7487,97
2023-02,2023,2,9201,578,2007,6616,8226,612,2083,5531,6122,6326,17.9,24.3,1.4,5,17.9,117,461,126,486,118,400,126,421,65,59,0,59,7312,7173,139
2023-03,2023,3,9609,581,3019,6009,11443,683,3383,7377,6273,7337,17.6,24.3,1.4,5.2,17.7,109,472,118,565,130,392,159,453,71,48,3,45,8282,8110,172
2023-04,2023,4,9324,592,2705,6027,9008,545,2384,6079,5961,5787,17.2,24.1,1.4,5.3,17.4,135,457,127,418,109,390,102,364,79,15,0,15,6613,6485,128
2023-05,2023,5,9196,612,2409,6175,9995,653,2505,6837,5814,6157,16.9,23.9,1.4,5.4,17.2,131,481,132,521,121,432,120,468,65,23,0,23,6683,6609,74
2023-06,2023,6,7867,639,2350,4878,8132,657,2320,5155,5388,5500,16.4,23.4,1.5,5.4,16.5,137,502,136,521,119,450,115,460,82,71,1,70,7935,7824,111
2023-07,2023,7,8478,644,2685,5149,8291,644,2667,4980,5172,5302,15.9,23.2,1.5,5.6,16.1,146,498,149,495,114,460,107,474,63,112,0,112,7794,7660,134
2023-08,2023,8,8546,671,2712,5163,8556,671,2714,5171,4880,5197,15.3,23,1.5,5.8,15.7,160,511,149,522,132,450,131,462,78,108,1,107,7607,7488,119
2023-09,2023,9,7189,697,2865,3627,7284,684,2913,3687,4895,4761,14.7,22.4,1.5,6,14.9,177,520,189,495,135,471,125,461,98,86,0,86,7690,7573,117
2023-10,2023,10,9421,675,3103,5643,9886,713,3245,5928,4893,5109,14.3,22.2,1.5,6.3,14.4,160,515,160,553,134,463,144,477,92,120,0,120,7637,7509,128
2023-11,2023,11,7970,687,2976,4307,8266,685,3290,4291,4919,5295,13.9,21.7,1.6,6.5,13.7,156,531,163,522,129,458,136,445,104,86,0,86,7484,7351,133
2023-12,2023,12,8113,724,2983,4406,6598,510,2472,3616,5080,4457,13.6,21.4,1.6,6.6,13.2,161,563,124,386,139,494,107,332,71,90,0,90,5769,5657,112
2024-01,2024,1,8616,703,2903,5010,8104,785,2793,4526,5183,3768,13.4,21.4,1.6,6.8,13,149,554,179,606,113,481,124,550,111,88,0,88,8357,8232,125
2024-02,2024,2,10562,670,2779,7113,10144,721,3007,6416,5365,5831,13.3,21.8,1.6,6.9,13.2,119,551,127,594,119,467,131,500,90,88,0,88,8073,7964,109
2024-03,2024,3,9086,691,2746,5649,9074,682,2592,5800,4932,5410,12.9,21.3,1.6,6.8,12.9,154,537,153,529,112,490,122,477,83,69,1,68,7710,7610,100
2024-04,2024,4,9702,666,3777,5259,10806,725,3808,6273,5411,5529,12.8,21.6,1.7,7.1,12.9,141,525,146,579,125,452,132,500,93,44,1,43,7650,7548,102
2024-05,2024,5,9637,617,4022,4998,10153,622,4006,5525,5483,5725,12.7,21.6,1.7,7.4,12.6,134,483,124,498,113,421,107,426,89,140,2,138,7652,7547,105
2024-06,2024,6,10421,662,4174,5585,9724,616,3869,5239,5360,5094,12.6,21.9,1.7,7.7,12.6,182,480,167,449,147,397,135,370,111,108,0,108,6973,6876,97
2024-07,2024,7,10539,645,4140,5754,11433,708,4449,6276,5301,5833,12.7,22.6,1.7,8,12.9,162,483,179,529,116,417,117,468,123,137,0,137,7369,7244,125
2024-08,2024,8,9750,603,4007,5140,9368,559,3871,4938,5282,5203,12.7,22.7,1.6,8.3,12.8,162,441,143,416,101,402,91,379,89,114,0,114,7256,7138,118
2024-09,2024,9,10325,566,3877,5882,10568,547,3955,6066,5498,5463,12.8,23.4,1.6,8.5,13.3,162,404,167,380,102,373,96,354,97,122,3,119,6855,6761,94
2024-10,2024,10,9267,607,3692,4968,10111,647,4061,5403,5427,5805,13,23.4,1.6,8.6,13.2,173,434,178,469,96,390,106,405,136,140,1,139,7771,7664,107
2024-11,2024,11,10010,611,3650,5749,9842,578,3794,5470,5569,5536,13,23.7,1.6,8.7,13.4,163,448,166,412,102,397,103,365,110,104,0,104,7705,7585,120
2024-12,2024,12,10044,580,3482,5982,8632,432,3044,5156,5765,5379,13.2,24.1,1.6,8.8,13.7,140,440,112,320,101,374,83,268,81,95,0,95,5649,5563,86
2025-01,2025,1,9595,617,3730,5248,8873,661,3525,4687,5647,4075,13.2,24.2,1.5,9,13.7,184,433,210,451,118,375,126,403,132,101,0,101,8240,8150,90
2025-02,2025,2,9994,627,3738,5629,9403,647,3831,4925,5620,5798,13.2,24,1.5,9.1,13.4,175,452,178,469,97,393,101,407,139,93,1,92,7889,7775,114
2025-03,2025,3,9389,637,3601,5151,10033,686,3712,5635,5653,6152,13.3,24.2,1.5,9.3,13.3,180,457,185,501,102,404,118,439,129,79,0,79,8033,7932,101
2025-04,2025,4,10191,628,3897,5666,10619,632,3677,6310,5457,5734,13.4,24.1,1.5,9.3,13.3,171,457,173,459,93,408,94,418,120,54,2,52,7273,7170,103
2025-05,2025,5,10216,659,3870,5687,10285,636,3721,5928,5657,5686,13.3,24.1,1.5,9.2,13.4,174,485,158,478,90,449,82,447,107,110,0,110,7804,7683,121
2025-06,2025,6,10398,617,4119,5662,10202,616,4045,5541,5927,5894,13.5,24.2,1.5,9.2,13.4,131,486,122,494,91,433,87,436,93,104,0,104,7637,7535,102
2025-07,2025,7,10616,618,3992,6006,11617,666,4317,6634,6197,6935,13.7,24.2,1.5,9.2,13.5,163,455,176,490,88,403,90,451,125,116,0,116,8399,8285,114
2025-08,2025,8,11326,630,4190,6506,10379,568,3873,5938,6345,6068,13.8,24.3,1.5,9.2,13.7,146,484,125,443,86,413,76,380,112,99,1,98,7395,7290,105
2025-09,2025,9,11048,657,3950,6441,11964,684,4240,7040,5891,6033,13.9,24.6,1.5,9.2,13.8,146,511,163,521,110,409,109,426,149,141,0,141,7684,7589,95
2025-10,2025,10,10612,648,3835,6129,11457,696,4204,6557,6321,6652,14.1,24.8,1.5,9.3,14,148,500,152,544,[x],[x],[x],[x],[x],120,1,119,7701,7571,130
2025-11,2025,11,9343,489,3792,5062,8863,440,3838,4585,[x],[x],[x],24.6,1.5,9.2,13.9,143,346,138,302,[x],[x],[x],[x],[x],38,1,37,7151,7009,142
